pair,direction,entry_time,exit_time,entry_price,initial_risk,exit_reason,n_levels_hit,fraction_via_tp,r_gross,cost_r,commission_r,r_net,leverage_ratio,risk_dollars,effective_risk_pct,leverage_capped,aggregate_cap_action,skipped_cap,notional_usd,dollar_pnl,balance_after
USD_JPY,DOWN,2023-11-03 23:00:00+09:00,2023-11-03 23:05:00+09:00,149.419,0.13803,SL_INITIAL_NO_TP,0,0.0,-1.0,0.152141,0.0433,-1.195441,1082.511609,10.0,0.01,False,none,False,10825.116085,-11.954414,988.045586
USD_JPY,DOWN,2023-11-15 02:15:00+09:00,2023-11-15 03:25:00+09:00,150.721,0.110857,SL_INITIAL_NO_TP,0,0.0,1.550009,0.189433,0.054384,1.306192,1359.594897,9.880456,0.01,False,none,False,13433.417374,12.905777,1000.951363
USD_JPY,DOWN,2023-11-15 03:30:00+09:00,2023-11-15 04:40:00+09:00,150.525,0.066969,SL_INITIAL_NO_TP,0,0.0,1.639571,0.313576,0.089907,1.236088,2247.669776,10.009514,0.01,False,none,False,22498.081256,12.372637,1013.324
USD_JPY,DOWN,2023-11-15 05:20:00+09:00,2023-11-15 05:45:00+09:00,150.338,0.075287,SL_INITIAL_NO_TP,0,0.0,1.380022,0.278934,0.079875,1.021213,1996.876696,10.13324,0.01,False,none,False,20234.830801,10.348196,1023.672196
EUR_JPY,UP,2023-11-15 09:05:00+09:00,2023-11-15 12:00:00+09:00,163.754,0.130163,SL_INITIAL_NO_TP,0,0.0,0.819582,0.192067,0.050323,0.577192,1258.07011,10.236722,0.01,False,none,False,12878.513917,5.908556,1029.580751
AUD_JPY,UP,2023-11-15 11:10:00+09:00,2023-11-15 12:05:00+09:00,97.791,0.094669,SL_INITIAL_NO_TP,0,0.0,1.569573,0.285203,0.041319,1.243051,1032.974943,10.236722,0.01,False,none,False,10574.277278,12.724764,1042.305515
AUD_JPY,UP,2023-11-15 14:05:00+09:00,2023-11-15 14:25:00+09:00,97.874,0.042454,SL_INITIAL_NO_TP,0,0.0,0.276584,0.635977,0.092216,-0.451608,2305.393523,10.423055,0.01,False,none,False,24029.243845,-4.70714,1037.598376
AUD_JPY,UP,2023-11-15 14:30:00+09:00,2023-11-15 14:55:00+09:00,97.918,0.080308,SL_INITIAL_NO_TP,0,0.0,0.544627,0.336206,0.048771,0.15965,1219.280769,10.375984,0.01,False,none,False,12651.237455,1.656531,1039.254906
AUD_JPY,UP,2023-11-15 15:00:00+09:00,2023-11-15 15:35:00+09:00,97.957,0.047659,SL_INITIAL_NO_TP,0,0.0,0.586306,0.566519,0.082214,-0.062426,2055.350979,10.392549,0.01,False,none,False,21360.335893,-0.648769,1038.606137
AUD_JPY,UP,2023-11-15 15:40:00+09:00,2023-11-15 16:00:00+09:00,97.998,0.045157,SL_INITIAL_NO_TP,0,0.0,-1.0,0.597909,0.086806,-1.684715,2170.144716,10.386061,0.01,False,none,False,22539.256211,-17.497553,1021.108584
EUR_JPY,UP,2023-11-15 17:10:00+09:00,2023-11-15 17:30:00+09:00,163.916,0.173649,SL_INITIAL_NO_TP,0,0.0,-1.0,0.143969,0.037758,-1.181727,943.949764,10.211086,0.01,False,none,False,9638.752068,-12.066711,1009.041873
AUD_JPY,UP,2023-11-15 17:15:00+09:00,2023-11-15 17:30:00+09:00,98.076,0.060204,SL_INITIAL_NO_TP,0,0.0,0.277377,0.448471,0.065162,-0.236256,1629.047663,9.753528,0.009552,False,shrink,False,15888.962529,-2.304331,1006.737542
AUD_JPY,UP,2023-11-15 20:15:00+09:00,2023-11-15 21:05:00+09:00,98.061,0.068626,SL_INITIAL_NO_TP,0,0.0,0.757191,0.393434,0.057156,0.3066,1428.910145,10.067375,0.01,False,none,False,14385.374872,3.086655,1009.824197
USD_JPY,DOWN,2023-11-15 22:05:00+09:00,2023-11-15 22:30:00+09:00,150.339,0.097133,SL_INITIAL_NO_TP,0,0.0,-1.0,0.216199,0.061911,-1.278109,1547.766682,10.098242,0.01,False,none,False,15629.722464,-12.906658,996.917539
AUD_JPY,UP,2023-11-15 22:10:00+09:00,2023-11-15 22:30:00+09:00,98.144,0.066087,SL_INITIAL_NO_TP,0,0.0,-1.0,0.408553,0.059403,-1.467956,1485.074312,6.475018,0.006412,False,shrink,False,9615.882457,-9.50504,987.412499
AUD_JPY,UP,2023-11-15 23:15:00+09:00,2023-11-16 01:10:00+09:00,98.195,0.224224,SL_INITIAL_NO_TP,0,0.0,1.347517,0.120415,0.017517,1.209585,437.932464,9.874125,0.01,False,none,False,4324.199884,11.94359,1003.081348
USD_JPY,UP,2023-11-15 23:45:00+09:00,2023-11-16 00:15:00+09:00,151.054,0.168221,SL_INITIAL_NO_TP,0,0.0,0.538029,0.124836,0.035918,0.377275,897.949721,9.874125,0.01,False,none,False,8866.467782,3.725259,991.137758
EUR_JPY,UP,2023-11-16 00:05:00+09:00,2023-11-16 03:30:00+09:00,163.915,0.193131,SL_INITIAL_NO_TP,0,0.0,0.773216,0.129446,0.033949,0.609821,848.724441,9.874125,0.01,False,none,False,8380.411214,6.021448,1009.102796
AUD_JPY,UP,2023-11-16 01:25:00+09:00,2023-11-16 07:25:00+09:00,98.506,0.108481,SL_INITIAL_NO_TP,0,0.0,0.0,0.248891,0.036322,-0.285213,908.046022,10.030813,0.01,False,none,False,9108.440283,-2.860915,1009.976329
USD_JPY,UP,2023-11-16 03:10:00+09:00,2023-11-16 04:25:00+09:00,151.213,0.068103,SL_INITIAL_NO_TP,0,0.0,2.289017,0.308357,0.088814,1.891845,2220.362057,3.417543,0.003407,False,shrink,False,7588.182204,6.465461,1017.424919
EUR_JPY,UP,2023-11-16 03:40:00+09:00,2023-11-16 04:05:00+09:00,164.096,0.045258,SL_INITIAL_NO_TP,0,0.0,1.486538,0.552391,0.145032,0.789115,3625.807083,2.352841,0.002332,True,shrink,False,8530.94742,1.856662,1010.959458
USD_JPY,UP,2023-11-16 05:05:00+09:00,2023-11-16 05:10:00+09:00,151.391,0.027822,SL_INITIAL_NO_TP,0,0.0,-1.0,0.754804,0.217658,-1.972462,5441.45518,3.000518,0.002949,True,shrink,False,16327.182695,-5.918408,1011.506511
EUR_JPY,UP,2023-11-16 05:20:00+09:00,2023-11-16 07:05:00+09:00,164.201,0.052898,SL_INITIAL_NO_TP,0,0.0,0.852088,0.47261,0.124165,0.255313,3104.122781,5.212172,0.005153,True,shrink,False,16179.222487,1.330734,1012.837245
USD_JPY,UP,2023-11-16 06:15:00+09:00,2023-11-16 07:00:00+09:00,151.414,0.038525,SL_INITIAL_NO_TP,0,0.0,-1.0,0.545104,0.157212,-1.702316,3930.300901,0.0,0.0,True,skip,True,0.0,0.0,1011.506511
EUR_JPY,UP,2023-11-16 17:05:00+09:00,2023-11-16 17:40:00+09:00,164.174,0.103878,SL_INITIAL_NO_TP,0,0.0,0.815336,0.240668,0.063218,0.51145,1580.457751,10.099763,0.01,False,none,False,15962.249177,5.16552,1015.14185
GBP_JPY,DOWN,2023-11-17 17:40:00+09:00,2023-11-17 18:05:00+09:00,185.976,0.223903,SL_INITIAL_NO_TP,0,0.0,1.825036,0.129521,0.033224,1.662291,830.611274,10.151418,0.01,False,none,False,8431.882647,16.874609,1032.016459
GBP_JPY,DOWN,2023-11-17 18:10:00+09:00,2023-11-17 18:45:00+09:00,185.441,0.278007,SL_INITIAL_NO_TP,0,0.0,-1.0,0.104314,0.026682,-1.130996,667.038018,10.320165,0.01,False,none,False,6883.942131,-11.67206,1020.344398
USD_JPY,DOWN,2023-11-17 18:55:00+09:00,2023-11-17 19:25:00+09:00,149.618,0.140991,SL_INITIAL_NO_TP,0,0.0,1.417528,0.148945,0.042447,1.226135,1061.185615,10.203444,0.01,False,none,False,10827.747977,12.510804,1032.855202
USD_JPY,DOWN,2023-11-17 19:40:00+09:00,2023-11-17 20:35:00+09:00,149.255,0.265936,SL_INITIAL_NO_TP,0,0.0,-1.0,0.078966,0.02245,-1.101416,561.244812,10.328552,0.01,False,none,False,5796.846243,-11.376035,1021.479167
USD_JPY,DOWN,2023-11-17 21:10:00+09:00,2023-11-17 21:55:00+09:00,149.454,0.123085,SL_INITIAL_NO_TP,0,0.0,1.304153,0.170614,0.048569,1.08497,1214.233361,10.214792,0.01,False,none,False,12403.140825,11.082744,1032.561911
USD_JPY,DOWN,2023-11-17 22:10:00+09:00,2023-11-17 22:30:00+09:00,149.219,0.225349,SL_INITIAL_NO_TP,0,0.0,-1.0,0.093189,0.026487,-1.119676,662.168459,10.325619,0.01,False,none,False,6837.299291,-11.561343,1021.000568
EUR_JPY,DOWN,2023-12-08 05:05:00+09:00,2023-12-08 05:30:00+09:00,154.985,0.14668,SL_INITIAL_NO_TP,0,0.0,-1.0,0.170439,0.042265,-1.212703,1056.617795,10.210006,0.01,False,none,False,10788.073683,-12.381709,994.884894
AUD_JPY,DOWN,2023-12-08 05:05:00+09:00,2023-12-08 05:25:00+09:00,94.755,0.089209,SL_INITIAL_NO_TP,0,0.0,-1.0,0.302661,0.042487,-1.345148,1062.171167,10.210006,0.01,False,none,False,10844.773644,-13.733965,1007.266603
EUR_JPY,UP,2023-12-11 19:05:00+09:00,2023-12-11 19:25:00+09:00,157.417,0.157032,SL_INITIAL_NO_TP,0,0.0,0.508718,0.159203,0.040098,0.309417,1002.453098,9.948849,0.01,False,none,False,9973.254438,3.078339,997.963234
EUR_JPY,UP,2023-12-11 19:35:00+09:00,2023-12-11 20:50:00+09:00,157.557,0.187901,SL_INITIAL_NO_TP,0,0.0,-1.0,0.133049,0.03354,-1.166589,838.509111,9.979632,0.01,False,none,False,8368.012642,-11.642128,985.97534
GBP_JPY,UP,2023-12-11 20:05:00+09:00,2023-12-11 20:30:00+09:00,183.884,0.151015,SL_INITIAL_NO_TP,0,0.0,0.206094,0.192034,0.048706,-0.034647,1217.656755,9.979632,0.01,False,none,False,12151.766728,-0.345765,997.617468
USD_JPY,UP,2023-12-11 21:05:00+09:00,2023-12-11 21:40:00+09:00,146.258,0.156252,SL_INITIAL_NO_TP,0,0.0,0.946728,0.134399,0.037442,0.774888,936.041358,9.859753,0.01,False,none,False,9229.136966,7.640201,998.922721
EUR_JPY,UP,2023-12-11 21:05:00+09:00,2023-12-11 21:35:00+09:00,157.495,0.166323,SL_INITIAL_NO_TP,0,0.0,0.726454,0.15031,0.037877,0.538267,946.920928,9.859753,0.01,False,none,False,9336.406838,5.30718,991.28252
GBP_JPY,UP,2023-12-11 21:30:00+09:00,2023-12-11 22:00:00+09:00,184.206,0.139027,SL_INITIAL_NO_TP,0,0.0,-1.0,0.208592,0.052998,-1.26159,1324.960889,4.591713,0.004657,False,shrink,False,6083.839701,-5.79286,993.129861
USD_JPY,UP,2023-12-11 21:45:00+09:00,2023-12-11 22:00:00+09:00,146.363,0.079419,SL_INITIAL_NO_TP,0,0.0,0.409964,0.264419,0.073716,0.071829,1842.911774,9.989227,0.01,False,none,False,18409.264447,0.717517,993.847378
EUR_JPY,UP,2023-12-11 21:45:00+09:00,2023-12-11 22:10:00+09:00,157.474,0.082056,SL_INITIAL_NO_TP,0,0.0,0.826528,0.304669,0.076764,0.445096,1919.097344,0.250099,0.00025,False,shrink,False,479.963888,0.111318,993.958696
USD_JPY,UP,2023-12-11 22:05:00+09:00,2023-12-11 22:30:00+09:00,146.45,0.142801,SL_INITIAL_NO_TP,0,0.0,-1.0,0.147058,0.041022,-1.18808,1025.553555,9.938474,0.01,False,none,False,10192.437122,-11.807702,982.150994
USD_JPY,UP,2023-12-12 00:15:00+09:00,2023-12-12 01:45:00+09:00,146.335,0.252149,SL_INITIAL_NO_TP,0,0.0,0.435115,0.083284,0.023214,0.328617,580.350478,9.82151,0.01,False,none,False,5699.917991,3.227519,985.378513
EUR_JPY,UP,2023-12-19 15:10:00+09:00,2023-12-19 15:35:00+09:00,156.796,0.119094,SL_INITIAL_NO_TP,0,0.0,1.08531,0.209919,0.052663,0.822728,1316.577411,9.853785,0.01,False,none,False,12973.270922,8.10699,993.485503
USD_JPY,UP,2023-12-19 16:05:00+09:00,2023-12-19 18:05:00+09:00,143.882,0.408766,SL_INITIAL_NO_TP,0,0.0,1.640013,0.051374,0.01408,1.57456,351.991176,9.934855,0.01,False,none,False,3496.981308,15.643021,1009.128524
EUR_JPY,UP,2023-12-19 16:05:00+09:00,2023-12-19 18:20:00+09:00,157.242,0.437665,SL_INITIAL_NO_TP,0,0.0,2.321247,0.057121,0.014371,2.249755,359.274377,9.934855,0.01,False,none,False,3569.338855,22.350986,1055.024956
AUD_JPY,UP,2023-12-19 16:05:00+09:00,2023-12-19 18:05:00+09:00,96.608,0.252896,SL_INITIAL_NO_TP,0,0.0,2.492027,0.106763,0.01528,2.369984,382.006185,9.934855,0.01,False,none,False,3795.176073,23.545447,1032.67397
AUD_JPY,UP,2023-12-19 18:10:00+09:00,2023-12-19 19:55:00+09:00,97.313,0.132064,SL_INITIAL_NO_TP,0,0.0,1.657374,0.204447,0.029475,1.423452,736.864423,10.32674,0.01,False,none,False,7609.407093,14.699619,1056.851133
USD_JPY,UP,2023-12-19 18:15:00+09:00,2023-12-19 18:25:00+09:00,144.587,0.108606,SL_INITIAL_NO_TP,0,0.0,-1.0,0.19336,0.053252,-1.246612,1331.303708,10.32674,0.01,False,none,False,13748.026863,-12.873442,1042.151514
USD_JPY,UP,2023-12-19 19:05:00+09:00,2023-12-19 19:55:00+09:00,144.51,0.083274,SL_INITIAL_NO_TP,0,0.0,4.115728,0.252179,0.069414,3.794135,1735.349619,10.421515,0.01,False,none,False,18084.972333,39.540636,1096.391769
EUR_JPY,UP,2023-12-19 19:05:00+09:00,2023-12-19 19:55:00+09:00,158.114,0.146811,SL_INITIAL_NO_TP,0,0.0,2.41974,0.170287,0.04308,2.206373,1076.99224,0.333715,0.00032,False,shrink,False,359.408429,0.7363,1097.128069
USD_JPY,UP,2023-12-19 20:05:00+09:00,2023-12-19 20:15:00+09:00,144.813,0.07963,SL_INITIAL_NO_TP,0,0.0,-1.0,0.263719,0.072743,-1.336462,1818.571771,10.971281,0.01,False,none,False,19952.061347,-14.662703,1082.465365
EUR_JPY,UP,2023-12-19 20:05:00+09:00,2023-12-19 20:15:00+09:00,158.39,0.088175,SL_INITIAL_NO_TP,0,0.0,-1.0,0.283527,0.071853,-1.355379,1796.312693,4.161937,0.003793,False,shrink,False,7476.140372,-5.641004,1076.824362
GBP_JPY,DOWN,2023-12-20 17:50:00+09:00,2023-12-20 18:25:00+09:00,181.798,0.145181,SL_INITIAL_NO_TP,0,0.0,1.63078,0.199751,0.050089,1.38094,1252.219896,10.768244,0.01,False,none,False,13484.208899,14.870298,1091.69466
GBP_JPY,DOWN,2023-12-20 18:45:00+09:00,2023-12-20 20:05:00+09:00,181.78,0.104778,SL_INITIAL_NO_TP,0,0.0,2.875363,0.276777,0.069396,2.52919,1734.912096,10.916947,0.01,False,none,False,18939.942702,27.611034,1119.305694
GBP_JPY,DOWN,2023-12-20 21:05:00+09:00,2023-12-20 21:10:00+09:00,181.531,0.055277,SL_INITIAL_NO_TP,0,0.0,-1.0,0.524627,0.13136,-1.655987,3284.002879,8.520895,0.007613,True,none,False,27982.642344,-14.110493,1105.195201
GBP_JPY,DOWN,2023-12-21 08:05:00+09:00,2023-12-21 10:55:00+09:00,181.253,0.239082,SL_INITIAL_NO_TP,0,0.0,1.790324,0.121297,0.030325,1.638702,758.120645,11.051952,0.01,False,none,False,8378.712986,18.11086,1123.306061
GBP_JPY,DOWN,2023-12-21 11:05:00+09:00,2023-12-21 16:05:00+09:00,180.606,0.304587,SL_INITIAL_NO_TP,0,0.0,-1.0,0.095211,0.023718,-1.118929,592.954572,11.233061,0.01,False,none,False,6660.694643,-12.569,1110.737061
GBP_JPY,DOWN,2023-12-21 22:05:00+09:00,2023-12-21 22:30:00+09:00,180.634,0.157764,SL_INITIAL_NO_TP,0,0.0,-1.0,0.183819,0.045799,-1.229618,1144.966473,11.107371,0.01,False,none,False,12717.56696,-13.657823,1097.079238
GBP_JPY,DOWN,2023-12-21 23:05:00+09:00,2023-12-21 23:10:00+09:00,180.439,0.093549,SL_INITIAL_NO_TP,0,0.0,-1.0,0.309997,0.077153,-1.38715,1928.813634,10.970792,0.01,False,none,False,21160.613927,-15.218133,1081.861106
GBP_JPY,DOWN,2023-12-22 00:15:00+09:00,2023-12-22 01:20:00+09:00,180.214,0.243858,SL_INITIAL_NO_TP,0,0.0,1.277322,0.118922,0.02956,1.12884,739.012481,10.818611,0.01,False,none,False,7995.088598,12.212481,1094.073587
USD_JPY,UP,2024-01-11 23:45:00+09:00,2024-01-12 00:30:00+09:00,146.022,0.292236,SL_INITIAL_NO_TP,0,0.0,-1.0,0.07186,0.019987,-1.091847,499.672109,10.940736,0.01,False,none,False,5466.780567,-11.945606,1082.127981
EUR_JPY,DOWN,2024-02-12 18:45:00+09:00,2024-02-12 20:55:00+09:00,160.612,0.103866,SL_INITIAL_NO_TP,0,0.0,1.059023,0.240695,0.061854,0.756475,1546.340678,10.82128,0.01,False,none,False,16733.385157,8.186023,1090.314003
EUR_JPY,DOWN,2024-02-12 21:00:00+09:00,2024-02-12 22:10:00+09:00,160.46,0.08705,SL_INITIAL_NO_TP,0,0.0,-1.0,0.287193,0.073733,-1.360925,1843.317519,10.90314,0.01,False,none,False,20097.949031,-14.83836,1075.475643
GBP_JPY,UP,2024-02-13 17:45:00+09:00,2024-02-13 18:40:00+09:00,189.07,0.063039,SL_INITIAL_NO_TP,0,0.0,2.537096,0.460032,0.11997,1.957094,2999.247633,8.964545,0.008335,True,none,False,26886.891083,17.544462,1093.020105
GBP_JPY,UP,2024-02-13 19:10:00+09:00,2024-02-13 19:30:00+09:00,189.317,0.061678,SL_INITIAL_NO_TP,0,0.0,0.976113,0.470185,0.122778,0.38315,3069.448401,8.902415,0.008145,True,none,False,27325.502628,3.410963,1096.431068
GBP_JPY,UP,2024-02-13 19:55:00+09:00,2024-02-13 20:35:00+09:00,189.424,0.131394,SL_INITIAL_NO_TP,0,0.0,-1.0,0.220711,0.057666,-1.278377,1441.651916,10.964311,0.01,False,none,False,15806.719508,-14.01652,1082.414548
GBP_JPY,UP,2024-02-13 22:10:00+09:00,2024-02-13 22:25:00+09:00,189.357,0.084656,SL_INITIAL_NO_TP,0,0.0,-1.0,0.342561,0.089471,-1.432032,2236.770476,10.824145,0.01,False,none,False,24211.129034,-15.500522,1066.914026
GBP_JPY,UP,2024-02-13 23:05:00+09:00,2024-02-14 01:05:00+09:00,189.457,0.211072,SL_INITIAL_NO_TP,0,0.0,1.123875,0.137394,0.035904,0.950577,897.596008,10.66914,0.01,False,none,False,9576.577711,10.14184,1077.055866
USD_JPY,UP,2024-02-14 00:40:00+09:00,2024-02-14 01:55:00+09:00,150.513,0.174231,SL_INITIAL_NO_TP,0,0.0,1.158032,0.120529,0.034555,1.002948,863.868254,10.66914,0.01,False,none,False,9216.731569,10.700588,1092.71805
GBP_JPY,UP,2024-02-14 01:20:00+09:00,2024-02-14 01:45:00+09:00,189.807,0.182309,SL_INITIAL_NO_TP,0,0.0,0.661379,0.159071,0.041645,0.460663,1041.130423,10.770559,0.01,False,none,False,11213.556288,4.961597,1082.017463
GBP_JPY,UP,2024-02-14 01:55:00+09:00,2024-02-14 04:00:00+09:00,189.968,0.164558,SL_INITIAL_NO_TP,0,0.0,-1.0,0.176229,0.046176,-1.222406,1154.410635,10.820175,0.01,False,none,False,12490.924659,-13.226642,1079.491408
USD_JPY,UP,2024-02-14 02:10:00+09:00,2024-02-14 04:15:00+09:00,150.752,0.087606,SL_INITIAL_NO_TP,0,0.0,0.759222,0.239709,0.068832,0.450681,1720.79117,8.616401,0.007885,False,shrink,False,14827.0266,3.883252,1083.37466
USD_JPY,UP,2024-02-14 04:25:00+09:00,2024-02-14 05:15:00+09:00,150.865,0.057542,SL_INITIAL_NO_TP,0,0.0,1.168466,0.364951,0.104873,0.698642,2621.827313,10.33034,0.009535,True,none,False,27084.366492,7.217205,1090.591865
AUD_JPY,DOWN,2024-03-08 23:05:00+09:00,2024-03-09 03:05:00+09:00,97.619,0.170633,SL_INITIAL_NO_TP,0,0.0,1.190455,0.158234,0.022884,1.009337,572.098705,10.905919,0.01,False,none,False,6239.261931,11.007745,1101.59961
AUD_JPY,DOWN,2024-03-09 03:10:00+09:00,2024-03-09 03:45:00+09:00,97.377,0.068572,SL_INITIAL_NO_TP,0,0.0,0.75072,0.393747,0.056803,0.30017,1420.070895,11.015996,0.01,False,none,False,15643.495442,3.306667,1104.906277
USD_JPY,UP,2024-03-12 23:00:00+09:00,2024-03-13 08:00:00+09:00,147.896,0.252503,SL_INITIAL_NO_TP,0,0.0,-1.0,0.083167,0.023429,-1.106596,585.719111,11.049063,0.01,False,none,False,6471.647219,-12.226849,1092.679428
USD_JPY,UP,2024-03-15 00:15:00+09:00,2024-03-15 09:25:00+09:00,148.283,0.211822,SL_INITIAL_NO_TP,0,0.0,0.740676,0.09914,0.028001,0.613534,700.034699,10.926794,0.01,False,none,False,7649.135143,6.703965,1099.383393
USD_JPY,UP,2024-03-15 09:35:00+09:00,2024-03-15 10:10:00+09:00,148.523,0.100431,SL_INITIAL_NO_TP,0,0.0,-1.0,0.209099,0.059154,-1.268253,1478.855078,10.993834,0.01,False,none,False,16258.287139,-13.942961,1085.440432
USD_JPY,UP,2024-03-15 11:10:00+09:00,2024-03-15 11:50:00+09:00,148.581,0.12381,SL_INITIAL_NO_TP,0,0.0,-1.0,0.169615,0.048003,-1.217617,1200.071307,10.854404,0.01,False,none,False,13026.059183,-13.216511,1072.223921
USD_JPY,UP,2024-03-15 17:05:00+09:00,2024-03-15 17:40:00+09:00,148.639,0.138509,SL_INITIAL_NO_TP,0,0.0,0.802619,0.151614,0.042925,0.608079,1073.132721,10.722239,0.01,False,none,False,11506.385737,6.519972,1078.743893
USD_JPY,UP,2024-03-15 18:05:00+09:00,2024-03-15 20:40:00+09:00,148.74,0.107101,SL_INITIAL_NO_TP,0,0.0,-1.0,0.196077,0.055551,-1.251628,1388.782551,10.787439,0.01,False,none,False,14981.406957,-13.50186,1065.242033
USD_JPY,UP,2024-03-15 21:05:00+09:00,2024-03-15 21:50:00+09:00,148.699,0.104978,SL_INITIAL_NO_TP,0,0.0,0.985581,0.200042,0.056659,0.728879,1416.478702,10.65242,0.01,False,none,False,15088.926529,7.76433,1073.006364
USD_JPY,UP,2024-03-19 17:10:00+09:00,2024-03-19 18:40:00+09:00,150.383,0.236172,SL_INITIAL_NO_TP,0,0.0,0.813913,0.088918,0.02547,0.699525,636.752028,10.730064,0.01,False,none,False,6832.389783,7.505949,1080.512313
USD_JPY,UP,2024-03-19 18:45:00+09:00,2024-03-19 20:15:00+09:00,150.628,0.16922,SL_INITIAL_NO_TP,0,0.0,-1.0,0.124099,0.035605,-1.159704,890.132317,10.805123,0.01,False,none,False,9617.989291,-12.530747,1067.981566
AUD_JPY,UP,2024-03-19 21:15:00+09:00,2024-03-19 22:45:00+09:00,98.096,0.091299,SL_INITIAL_NO_TP,0,0.0,0.706323,0.29573,0.042978,0.367615,1074.44265,10.679816,0.01,False,none,False,11474.849438,3.926058,1071.907623
AUD_JPY,UP,2024-03-19 22:55:00+09:00,2024-03-20 00:00:00+09:00,98.234,0.089471,SL_INITIAL_NO_TP,0,0.0,2.067157,0.301772,0.043917,1.721468,1097.936214,10.719076,0.01,False,none,False,11768.861982,18.452542,1090.360165
USD_JPY,UP,2024-03-19 23:05:00+09:00,2024-03-20 00:45:00+09:00,150.666,0.059983,SL_INITIAL_NO_TP,0,0.0,2.493453,0.350097,0.100472,2.042885,2511.793734,5.983305,0.005582,True,shrink,False,15028.828605,12.223202,1102.583367
AUD_JPY,UP,2024-03-20 00:10:00+09:00,2024-03-20 00:45:00+09:00,98.421,0.036642,SL_INITIAL_NO_TP,0,0.0,1.300534,0.736852,0.10744,0.456243,2685.989867,4.553322,0.004176,True,shrink,False,12230.175527,2.077419,1104.660786
USD_JPY,UP,2024-03-20 01:05:00+09:00,2024-03-20 02:00:00+09:00,150.784,0.106862,SL_INITIAL_NO_TP,0,0.0,1.035484,0.196516,0.056441,0.782527,1411.021736,11.046608,0.01,False,none,False,15587.003796,8.644269,1113.305055
AUD_JPY,UP,2024-03-20 01:35:00+09:00,2024-03-20 02:05:00+09:00,98.52,0.08466,SL_INITIAL_NO_TP,0,0.0,0.637871,0.318925,0.046549,0.272398,1163.720551,10.337117,0.009358,False,shrink,False,12029.515853,2.815807,1116.120863
USD_JPY,UP,2024-03-20 02:05:00+09:00,2024-03-20 09:00:00+09:00,150.932,0.111753,SL_INITIAL_NO_TP,0,0.0,0.82659,0.187915,0.054024,0.584651,1350.590846,11.133051,0.01,False,none,False,15036.196165,6.508953,1122.629816
USD_JPY,UP,2024-03-20 09:05:00+09:00,2024-03-20 14:00:00+09:00,151.239,0.280603,SL_INITIAL_NO_TP,0,0.0,0.882263,0.074839,0.021559,0.785865,538.978282,11.226298,0.01,False,none,False,6050.7309,8.822359,1123.178338
AUD_JPY,UP,2024-03-20 09:05:00+09:00,2024-03-20 10:25:00+09:00,98.642,0.135129,SL_INITIAL_NO_TP,0,0.0,0.764725,0.19981,0.029199,0.535716,729.986256,11.226298,0.01,False,none,False,8195.043366,6.014107,1128.643923
AUD_JPY,UP,2024-03-20 11:20:00+09:00,2024-03-20 12:20:00+09:00,98.854,0.079262,SL_INITIAL_NO_TP,0,0.0,0.732299,0.340642,0.049887,0.341769,1247.179114,11.286439,0.01,False,none,False,14076.211276,3.857358,1132.501281
AUD_JPY,UP,2024-03-20 12:30:00+09:00,2024-03-20 12:40:00+09:00,98.931,0.051404,SL_INITIAL_NO_TP,0,0.0,-1.0,0.525249,0.076983,-1.602232,1924.572505,11.325013,0.01,False,none,False,21795.808277,-18.145302,1114.355979
USD_JPY,UP,2024-03-20 14:10:00+09:00,2024-03-20 14:30:00+09:00,151.474,0.069589,SL_INITIAL_NO_TP,0,0.0,0.622252,0.301772,0.087068,0.233413,2176.692358,11.231783,0.01,False,none,False,24448.137049,2.62164,1125.799978
USD_JPY,UP,2024-03-20 14:55:00+09:00,2024-03-20 16:10:00+09:00,151.54,0.0942,SL_INITIAL_NO_TP,0,0.0,-1.0,0.222929,0.064348,-1.287277,1608.701224,11.258,0.01,False,none,False,18110.758022,-14.49217,1111.307808
AUD_JPY,UP,2024-03-20 15:15:00+09:00,2024-03-20 16:30:00+09:00,98.973,0.068479,SL_INITIAL_NO_TP,0,0.0,-1.0,0.394282,0.057812,-1.452095,1445.307415,6.942635,0.006167,False,shrink,False,10034.241426,-10.081362,1101.226446
USD_JPY,UP,2024-03-20 18:10:00+09:00,2024-03-20 18:55:00+09:00,151.576,0.135539,SL_INITIAL_NO_TP,0,0.0,1.136581,0.154937,0.044733,0.936911,1118.321367,11.012264,0.01,False,none,False,12315.250646,10.317509,1111.543956
USD_JPY,UP,2024-03-20 19:05:00+09:00,2024-03-20 22:45:00+09:00,151.714,0.091397,SL_INITIAL_NO_TP,0,0.0,0.473967,0.229767,0.066398,0.177802,1659.948967,11.11544,0.01,False,none,False,18451.062403,1.976345,1113.5203
AUD_JPY,UP,2024-03-20 23:05:00+09:00,2024-03-21 00:00:00+09:00,98.956,0.047396,SL_INITIAL_NO_TP,0,0.0,0.526907,0.569673,0.083515,-0.126281,2087.874395,11.135203,0.01,False,none,False,23248.905231,-1.406167,1112.114134
AUD_JPY,UP,2024-03-21 01:15:00+09:00,2024-03-21 03:10:00+09:00,99.022,0.054525,SL_INITIAL_NO_TP,0,0.0,3.449905,0.495188,0.072644,2.882074,1816.091502,11.121141,0.01,False,none,False,20197.010282,32.051954,1144.166088
AUD_JPY,UP,2024-03-21 03:15:00+09:00,2024-03-21 03:30:00+09:00,99.212,0.077364,SL_INITIAL_NO_TP,0,0.0,0.0,0.349001,0.051296,-0.400297,1282.409989,11.441661,0.01,False,none,False,14672.900208,-4.580065,1139.586023
AUD_JPY,UP,2024-03-21 05:00:00+09:00,2024-03-21 08:20:00+09:00,99.634,0.183101,SL_INITIAL_NO_TP,0,0.0,-1.0,0.14746,0.021766,-1.169226,544.147765,11.39586,0.01,False,none,False,6201.03188,-13.32433,1126.261693
AUD_JPY,UP,2024-03-21 12:10:00+09:00,2024-03-21 12:45:00+09:00,99.626,0.086375,SL_INITIAL_NO_TP,0,0.0,0.829424,0.312589,0.046136,0.470698,1153.407677,11.262617,0.01,False,none,False,12990.388822,5.301296,1131.562989
AUD_JPY,UP,2024-03-21 12:50:00+09:00,2024-03-21 13:40:00+09:00,99.674,0.031965,SL_INITIAL_NO_TP,0,0.0,3.303476,0.844672,0.124729,2.334076,3118.216089,9.072198,0.008017,True,none,False,28289.074722,21.175198,1152.738187
AUD_JPY,UP,2024-03-21 14:15:00+09:00,2024-03-21 14:45:00+09:00,99.885,0.064701,SL_INITIAL_NO_TP,0,0.0,1.260211,0.417303,0.061752,0.781156,1543.79035,11.527382,0.01,False,none,False,17795.860891,9.004681,1161.742868
AUD_JPY,UP,2024-03-21 14:50:00+09:00,2024-03-21 15:15:00+09:00,99.996,0.05986,SL_INITIAL_NO_TP,0,0.0,0.449045,0.45105,0.06682,-0.068824,1670.487862,11.617429,0.01,False,none,False,19406.773587,-0.79956,1160.943308
AUD_JPY,UP,2024-03-21 16:05:00+09:00,2024-03-21 16:45:00+09:00,100.059,0.040137,SL_INITIAL_NO_TP,0,0.0,1.066766,0.672694,0.099717,0.294355,2492.927819,11.609433,0.01,False,none,False,28941.478677,3.417295,1164.360602
USD_JPY,UP,2024-03-22 10:05:00+09:00,2024-03-22 10:55:00+09:00,151.505,0.051971,SL_INITIAL_NO_TP,0,0.0,5.612261,0.404075,0.116608,5.091578,2915.207508,9.985229,0.008576,True,none,False,29109.015056,50.840575,1215.201177
USD_JPY,DOWN,2024-04-05 09:05:00+09:00,2024-04-05 09:25:00+09:00,151.233,0.140626,SL_INITIAL_NO_TP,0,0.0,1.137405,0.149332,0.043017,0.945056,1075.423742,12.152012,0.01,False,none,False,13068.561972,11.484335,1226.685513
EUR_JPY,DOWN,2024-04-05 09:05:00+09:00,2024-04-05 09:25:00+09:00,163.896,0.126024,SL_INITIAL_NO_TP,0,0.0,1.262492,0.198375,0.052021,1.012096,1300.515662,12.152012,0.01,False,none,False,15803.881637,12.299008,1238.984521
GBP_JPY,DOWN,2024-04-05 09:05:00+09:00,2024-04-05 09:25:00+09:00,191.191,0.118309,SL_INITIAL_NO_TP,0,0.0,1.661438,0.24512,0.064641,1.351677,1616.027975,0.932896,0.000768,False,shrink,False,1507.585827,1.260973,1240.245495
AUD_JPY,DOWN,2024-04-05 09:05:00+09:00,2024-04-05 09:25:00+09:00,99.64,0.065111,SL_INITIAL_NO_TP,0,0.0,1.583587,0.414674,0.061212,1.107702,1530.299706,0.0,0.0,False,skip,True,0.0,0.0,1240.245495
AUD_JPY,DOWN,2024-04-05 09:35:00+09:00,2024-04-05 10:35:00+09:00,99.477,0.081945,SL_INITIAL_NO_TP,0,0.0,1.625801,0.32949,0.048558,1.247753,1213.950496,12.402455,0.01,False,none,False,15055.966339,15.475197,1255.720692
EUR_JPY,DOWN,2024-04-05 09:40:00+09:00,2024-04-05 10:35:00+09:00,163.649,0.157336,SL_INITIAL_NO_TP,0,0.0,0.198642,0.158895,0.041605,-0.001858,1040.123376,12.402455,0.01,False,none,False,12900.083305,-0.023048,1255.697644
GBP_JPY,DOWN,2024-04-05 09:45:00+09:00,2024-04-05 11:00:00+09:00,190.87,0.152484,SL_INITIAL_NO_TP,0,0.0,0.390726,0.190184,0.05007,0.150472,1251.740233,2.436678,0.001965,False,shrink,False,3050.087725,0.366652,1256.064296
USD_JPY,DOWN,2024-04-05 10:15:00+09:00,2024-04-05 10:35:00+09:00,150.868,0.166367,SL_INITIAL_NO_TP,0,0.0,-1.0,0.126227,0.036273,-1.1625,906.836549,0.0,0.0,False,skip,True,0.0,0.0,1255.697644
AUD_JPY,DOWN,2024-04-05 11:15:00+09:00,2024-04-05 12:55:00+09:00,99.266,0.112527,SL_INITIAL_NO_TP,0,0.0,-1.0,0.239942,0.035286,-1.275228,882.151048,12.560643,0.01,False,none,False,11080.384348,-16.017684,1240.046612
USD_JPY,DOWN,2024-04-16 23:55:00+09:00,2024-04-17 02:30:00+09:00,154.595,0.145408,SL_INITIAL_NO_TP,0,0.0,-1.0,0.144421,0.042527,-1.186949,1063.18241,12.400466,0.01,False,none,False,13183.957453,-14.718717,1225.327895
USD_JPY,UP,2024-04-24 23:00:00+09:00,2024-04-25 01:30:00+09:00,155.011,0.104213,SL_INITIAL_NO_TP,0,0.0,0.959714,0.20151,0.059498,0.698706,1487.442965,12.253279,0.01,False,none,False,18226.053574,8.561437,1233.889331
USD_JPY,UP,2024-04-25 02:05:00+09:00,2024-04-25 02:40:00+09:00,155.13,0.059575,SL_INITIAL_NO_TP,0,0.0,2.874772,0.352497,0.104158,2.418118,2603.944608,11.846348,0.009601,True,none,False,30847.233287,28.645865,1262.535196
USD_JPY,UP,2024-04-25 05:05:00+09:00,2024-04-25 07:10:00+09:00,155.377,0.101027,SL_INITIAL_NO_TP,0,0.0,-1.0,0.207865,0.061519,-1.269384,1537.976084,12.625352,0.01,False,none,False,19417.489376,-16.026425,1246.508771
USD_JPY,UP,2024-04-25 10:15:00+09:00,2024-04-25 10:45:00+09:00,155.386,0.046057,SL_INITIAL_NO_TP,0,0.0,0.43628,0.455957,0.134951,-0.154629,3373.781206,9.236734,0.00741,True,none,False,31162.719287,-1.428265,1245.080507
USD_JPY,UP,2024-04-25 12:15:00+09:00,2024-04-25 14:15:00+09:00,155.471,0.056977,SL_INITIAL_NO_TP,0,0.0,3.034673,0.368572,0.109147,2.556955,2728.676126,11.407368,0.009162,True,none,False,31127.012669,29.168123,1274.248629
USD_JPY,UP,2024-04-25 14:25:00+09:00,2024-04-25 14:50:00+09:00,155.719,0.065572,SL_INITIAL_NO_TP,0,0.0,-1.0,0.320259,0.094991,-1.41525,2374.781456,12.742486,0.01,False,none,False,30260.620151,-18.033807,1256.214822
USD_JPY,UP,2024-04-25 21:10:00+09:00,2024-04-25 21:30:00+09:00,155.573,0.06399,SL_INITIAL_NO_TP,0,0.0,-1.0,0.328178,0.097249,-1.425427,2431.224284,12.562148,0.01,False,none,False,30541.399824,-17.906431,1238.308391
USD_JPY,UP,2024-04-26 20:00:00+09:00,2024-04-26 20:15:00+09:00,156.856,0.107908,SL_INITIAL_NO_TP,0,0.0,-1.0,0.194611,0.058145,-1.252756,1453.615365,12.383084,0.01,False,none,False,18000.241045,-15.512979,1222.795412
USD_JPY,UP,2024-04-26 21:30:00+09:00,2024-04-26 23:45:00+09:00,156.895,0.242105,SL_INITIAL_NO_TP,0,0.0,0.569861,0.086739,0.025922,0.4572,648.044505,12.227954,0.01,False,none,False,7924.258473,5.590622,1200.93647
EUR_JPY,UP,2024-04-26 21:30:00+09:00,2024-04-26 22:20:00+09:00,168.291,0.25165,SL_INITIAL_NO_TP,0,0.0,-1.0,0.099344,0.02675,-1.126094,668.749489,12.227954,0.01,False,none,False,8177.438071,-13.769828,1195.345849
GBP_JPY,UP,2024-04-26 21:30:00+09:00,2024-04-26 22:15:00+09:00,196.429,0.310438,SL_INITIAL_NO_TP,0,0.0,-1.0,0.093416,0.02531,-1.118726,632.748361,12.227954,0.01,False,none,False,7737.217924,-13.679735,1209.115677
USD_JPY,UP,2024-04-26 23:55:00+09:00,2024-04-27 01:15:00+09:00,157.27,0.215198,SL_INITIAL_NO_TP,0,0.0,1.838655,0.097584,0.029233,1.711838,730.814129,12.009365,0.01,False,none,False,8776.61341,20.558085,1221.494556
EUR_JPY,UP,2024-04-27 00:40:00+09:00,2024-04-27 01:25:00+09:00,168.283,0.223233,SL_INITIAL_NO_TP,0,0.0,1.019658,0.111991,0.030154,0.877514,753.845844,12.009365,0.01,False,none,False,9053.209668,10.538381,1232.032937
GBP_JPY,UP,2024-04-27 01:05:00+09:00,2024-04-27 03:25:00+09:00,196.806,0.325314,SL_INITIAL_NO_TP,0,0.0,0.951935,0.089145,0.024199,0.838592,604.972294,12.009365,0.01,False,none,False,7265.332913,10.070954,1248.356858
EUR_JPY,UP,2024-04-27 01:30:00+09:00,2024-04-27 02:25:00+09:00,168.585,0.153785,SL_INITIAL_NO_TP,0,0.0,0.713947,0.162565,0.04385,0.507533,1096.238255,12.320329,0.01,False,none,False,13506.016364,6.252968,1238.285904
USD_JPY,UP,2024-04-27 02:15:00+09:00,2024-04-27 05:40:00+09:00,157.773,0.162741,SL_INITIAL_NO_TP,0,0.0,3.117477,0.129039,0.038779,2.949659,969.473392,10.34528,0.008397,False,shrink,False,10029.474143,30.515048,1282.853845
EUR_JPY,UP,2024-04-27 03:05:00+09:00,2024-04-27 03:25:00+09:00,168.694,0.090397,SL_INITIAL_NO_TP,0,0.0,0.600293,0.276559,0.074646,0.249089,1866.150424,7.321136,0.005912,False,shrink,False,13662.340553,1.823612,1250.18047
EUR_JPY,UP,2024-04-27 03:35:00+09:00,2024-04-27 04:15:00+09:00,168.773,0.071032,SL_INITIAL_NO_TP,0,0.0,0.688602,0.351952,0.09504,0.24161,2375.999292,8.933099,0.007145,False,shrink,False,21225.037604,2.158327,1252.338797
GBP_JPY,UP,2024-04-27 03:35:00+09:00,2024-04-27 04:15:00+09:00,197.104,0.058318,SL_INITIAL_NO_TP,0,0.0,0.95739,0.497275,0.135193,0.324921,3379.826542,0.0,0.0,True,skip,True,0.0,0.0,1252.338797
EUR_JPY,UP,2024-04-27 05:05:00+09:00,2024-04-27 05:40:00+09:00,168.947,0.054292,SL_INITIAL_NO_TP,0,0.0,5.084485,0.460472,0.124473,4.49954,3111.817169,6.838125,0.00546,True,shrink,False,21278.995777,30.768417,1313.622262
GBP_JPY,UP,2024-04-27 05:05:00+09:00,2024-04-27 05:40:00+09:00,197.349,0.064841,SL_INITIAL_NO_TP,0,0.0,5.973637,0.447245,0.121743,5.404649,3043.566771,0.0,0.0,True,skip,True,0.0,0.0,1313.622262
USD_JPY,DOWN,2024-05-03 03:15:00+09:00,2024-05-03 03:45:00+09:00,153.385,0.084225,SL_INITIAL_NO_TP,0,0.0,2.309411,0.249331,0.072845,1.987234,1821.12769,13.136223,0.01,False,none,False,23922.738751,26.104754,1339.727015
USD_JPY,DOWN,2024-05-03 04:20:00+09:00,2024-05-03 05:00:00+09:00,153.291,0.096873,SL_INITIAL_NO_TP,0,0.0,0.964892,0.21678,0.063296,0.684816,1582.398379,13.39727,0.01,False,none,False,21199.818576,9.174671,1348.901687
USD_JPY,DOWN,2024-05-03 08:05:00+09:00,2024-05-03 08:45:00+09:00,153.17,0.254954,SL_INITIAL_NO_TP,0,0.0,0.456577,0.082368,0.024031,0.350178,600.775042,13.489017,0.01,False,none,False,8103.864671,4.723556,1353.625243
USD_JPY,DOWN,2024-05-03 10:15:00+09:00,2024-05-03 11:00:00+09:00,153.184,0.138038,SL_INITIAL_NO_TP,0,0.0,1.970115,0.152131,0.044389,1.773595,1109.71939,13.536252,0.01,False,none,False,15021.441787,24.007826,1377.633069
USD_JPY,DOWN,2024-05-03 11:15:00+09:00,2024-05-03 11:55:00+09:00,152.837,0.217528,SL_INITIAL_NO_TP,0,0.0,-1.0,0.096539,0.028104,-1.124644,702.609092,13.776331,0.01,False,none,False,9679.375195,-15.493464,1362.139604
USD_JPY,DOWN,2024-05-03 21:10:00+09:00,2024-05-03 21:25:00+09:00,153.29,0.045054,SL_INITIAL_NO_TP,0,0.0,1.244629,0.466109,0.136095,0.642426,3402.372399,10.008749,0.007348,True,none,False,34053.490112,6.429878,1368.569482
GBP_JPY,DOWN,2024-05-14 18:55:00+09:00,2024-05-14 19:05:00+09:00,196.125,0.097181,SL_INITIAL_NO_TP,0,0.0,-1.0,0.298412,0.080725,-1.379137,2018.136956,13.685695,0.01,False,none,False,27619.606491,-18.874449,1349.695033
USD_JPY,DOWN,2024-05-15 19:10:00+09:00,2024-05-15 19:35:00+09:00,155.852,0.072016,SL_INITIAL_NO_TP,0,0.0,0.040909,0.2916,0.086565,-0.337255,2164.115168,13.49695,0.01,False,none,False,29208.954936,-4.551916,1345.143117
USD_JPY,DOWN,2024-05-15 19:45:00+09:00,2024-05-15 20:25:00+09:00,155.808,0.083635,SL_INITIAL_NO_TP,0,0.0,2.137705,0.251091,0.074518,1.812096,1862.952113,13.451431,0.01,False,none,False,25059.372124,24.375278,1369.518395
USD_JPY,DOWN,2024-05-15 20:30:00+09:00,2024-05-15 20:45:00+09:00,155.68,0.054268,SL_INITIAL_NO_TP,0,0.0,-1.0,0.386971,0.11475,-1.501721,2868.74824,11.934808,0.008715,True,none,False,34237.959875,-17.922756,1351.595639
USD_JPY,DOWN,2024-05-15 21:05:00+09:00,2024-05-15 21:40:00+09:00,155.486,0.256419,SL_INITIAL_NO_TP,0,0.0,0.959782,0.081897,0.024255,0.85363,606.373709,13.515956,0.01,False,none,False,8195.720607,11.53762,1363.133258
USD_JPY,DOWN,2024-05-15 21:55:00+09:00,2024-05-15 22:35:00+09:00,155.123,0.3488,SL_INITIAL_NO_TP,0,0.0,-1.0,0.060206,0.017789,-1.077996,444.733827,13.631333,0.01,False,none,False,6062.314707,-14.69452,1348.438739
USD_JPY,DOWN,2024-05-16 00:10:00+09:00,2024-05-16 00:40:00+09:00,155.095,0.289957,SL_INITIAL_NO_TP,0,0.0,0.649515,0.072425,0.021396,0.555695,534.889524,13.484387,0.01,False,none,False,7212.657555,7.4932,1355.931939
USD_JPY,DOWN,2024-05-16 00:45:00+09:00,2024-05-16 01:05:00+09:00,155.019,0.082782,SL_INITIAL_NO_TP,0,0.0,-1.0,0.253679,0.074905,-1.328583,1872.618851,13.559319,0.01,False,none,False,25391.437101,-18.014685,1337.917254
USD_JPY,DOWN,2024-05-16 02:10:00+09:00,2024-05-16 08:50:00+09:00,154.774,0.26222,SL_INITIAL_NO_TP,0,0.0,1.716559,0.080085,0.02361,1.612864,590.245315,13.379173,0.01,False,none,False,7896.993907,21.578784,1359.496038
GBP_JPY,DOWN,2024-05-16 08:05:00+09:00,2024-05-16 08:50:00+09:00,196.196,0.112378,SL_INITIAL_NO_TP,0,0.0,3.174267,0.258058,0.069834,2.846375,1745.861059,13.379173,0.01,False,none,False,23358.176334,38.08214,1397.578178
USD_JPY,DOWN,2024-05-16 09:05:00+09:00,2024-05-16 10:05:00+09:00,154.472,0.154812,SL_INITIAL_NO_TP,0,0.0,4.512926,0.135648,0.039912,4.337365,997.804248,13.975782,0.01,False,none,False,13945.094433,60.618066,1458.196244
GBP_JPY,DOWN,2024-05-16 10:20:00+09:00,2024-05-16 10:40:00+09:00,195.222,0.158849,SL_INITIAL_NO_TP,0,0.0,0.0,0.182564,0.049159,-0.231723,1228.981227,14.581962,0.01,False,none,False,17920.958094,-3.378976,1454.817269
AUD_JPY,UP,2024-06-13 05:35:00+09:00,2024-06-13 05:45:00+09:00,104.503,0.042351,SL_INITIAL_NO_TP,0,0.0,-1.0,0.637531,0.098702,-1.736234,2467.553364,14.548173,0.01,False,none,False,35898.392447,-25.259025,1429.558244
AUD_JPY,UP,2024-06-13 16:05:00+09:00,2024-06-13 16:55:00+09:00,104.501,0.116593,SL_INITIAL_NO_TP,0,0.0,1.045306,0.231574,0.035851,0.77788,896.286054,14.295582,0.01,False,none,False,12812.931173,11.120252,1440.678495
AUD_JPY,UP,2024-06-13 22:25:00+09:00,2024-06-13 23:05:00+09:00,104.623,0.17378,SL_INITIAL_NO_TP,0,0.0,-1.0,0.155369,0.024082,-1.179451,602.044545,14.406785,0.01,False,none,False,8673.526292,-16.992098,1423.686397
AUD_JPY,UP,2024-06-26 11:55:00+09:00,2024-06-26 13:55:00+09:00,106.618,0.112791,SL_INITIAL_NO_TP,0,0.0,0.726655,0.23938,0.037811,0.449463,945.269259,14.236864,0.01,False,none,False,13457.669855,6.39895,1430.085347
AUD_JPY,UP,2024-06-26 14:05:00+09:00,2024-06-26 14:30:00+09:00,106.711,0.049542,SL_INITIAL_NO_TP,0,0.0,1.277769,0.544993,0.086158,0.646618,2153.953289,14.300853,0.01,False,none,False,30803.370372,9.247189,1439.332536
AUD_JPY,UP,2024-06-26 14:35:00+09:00,2024-06-26 15:15:00+09:00,106.8,0.052002,SL_INITIAL_NO_TP,0,0.0,1.093877,0.519207,0.08215,0.492521,2053.750237,14.393325,0.01,False,none,False,29560.295376,7.089014,1446.421551
AUD_JPY,UP,2024-06-26 17:20:00+09:00,2024-06-26 19:15:00+09:00,106.859,0.123941,SL_INITIAL_NO_TP,0,0.0,-1.0,0.217846,0.034487,-1.252334,862.179339,14.464216,0.01,False,none,False,12470.747771,-18.114022,1428.307529
AUD_JPY,UP,2024-06-26 23:05:00+09:00,2024-06-26 23:30:00+09:00,106.776,0.099369,SL_INITIAL_NO_TP,0,0.0,0.451162,0.271714,0.042982,0.136467,1074.538032,14.283075,0.01,False,none,False,15347.707617,1.949166,1430.256695
AUD_JPY,UP,2024-06-27 02:15:00+09:00,2024-06-27 03:05:00+09:00,106.837,0.052463,SL_INITIAL_NO_TP,0,0.0,1.511358,0.514649,0.081457,0.915252,2036.428444,14.302567,0.01,False,none,False,29126.154161,13.090454,1443.34715
AUD_JPY,UP,2024-06-27 04:05:00+09:00,2024-06-27 04:45:00+09:00,106.859,0.048893,SL_INITIAL_NO_TP,0,0.0,0.820461,0.552221,0.087422,0.180817,2185.549329,14.433471,0.01,False,none,False,31545.06394,2.609823,1445.956972
AUD_JPY,UP,2024-06-27 05:05:00+09:00,2024-06-27 05:45:00+09:00,106.974,0.051542,SL_INITIAL_NO_TP,0,0.0,-1.0,0.523845,0.083019,-1.606864,2075.475307,14.45957,0.01,False,none,False,30010.479905,-23.234567,1422.722405
AUD_JPY,UP,2024-06-27 06:10:00+09:00,2024-06-27 06:40:00+09:00,106.966,0.059734,SL_INITIAL_NO_TP,0,0.0,-1.0,0.452002,0.071628,-1.52363,1790.699037,14.227224,0.01,False,none,False,25476.676406,-21.677029,1401.045376
AUD_JPY,UP,2024-06-27 15:05:00+09:00,2024-06-27 16:10:00+09:00,106.957,0.083802,SL_INITIAL_NO_TP,0,0.0,0.535997,0.32219,0.051053,0.162754,1276.312582,14.010454,0.01,False,none,False,17881.718418,2.280263,1403.32564
AUD_JPY,UP,2024-06-28 21:05:00+09:00,2024-06-28 21:40:00+09:00,106.933,0.091832,SL_INITIAL_NO_TP,0,0.0,0.427338,0.294017,0.046578,0.086744,1164.447023,14.033256,0.01,False,none,False,16340.983642,1.217299,1404.542938
AUD_JPY,UP,2024-06-28 22:05:00+09:00,2024-06-29 00:00:00+09:00,107.062,0.137348,SL_INITIAL_NO_TP,0,0.0,2.32069,0.196581,0.03118,2.092929,779.495639,14.045429,0.01,False,none,False,10948.350954,29.396086,1433.939025
AUD_JPY,UP,2024-06-29 00:05:00+09:00,2024-06-29 03:25:00+09:00,107.383,0.140522,SL_INITIAL_NO_TP,0,0.0,-1.0,0.19214,0.030567,-1.222707,764.170604,14.33939,0.01,False,none,False,10957.740512,-17.532875,1416.40615
USD_JPY,DOWN,2024-07-12 01:20:00+09:00,2024-07-12 02:00:00+09:00,158.57,0.097955,SL_INITIAL_NO_TP,0,0.0,-1.0,0.214385,0.064752,-1.279137,1618.810455,14.164061,0.01,False,none,False,22928.930838,-18.11778,1398.288369
USD_JPY,DOWN,2024-07-12 22:10:00+09:00,2024-07-13 05:55:00+09:00,157.407,1.642257,WEEKEND_NO_TP,0,0.0,-0.347692,0.009743,0.003834,-0.361269,95.84797,13.982884,0.01,False,none,False,1340.23102,-5.05158,1393.236789
EUR_JPY,DOWN,2024-07-12 22:10:00+09:00,2024-07-13 05:55:00+09:00,171.497,1.668837,WEEKEND_NO_TP,0,0.0,-0.473384,0.011984,0.004111,-0.489479,102.764385,13.982884,0.01,False,none,False,1436.942438,-6.844322,1386.392468
USD_JPY,DOWN,2024-07-17 17:40:00+09:00,2024-07-17 20:05:00+09:00,156.381,0.411336,SL_INITIAL_NO_TP,0,0.0,-1.0,0.051053,0.015207,-1.06626,380.178182,13.863925,0.01,False,none,False,5270.761684,-14.782552,1371.609915
USD_JPY,DOWN,2024-07-18 03:10:00+09:00,2024-07-18 08:50:00+09:00,156.278,0.24083,SL_INITIAL_NO_TP,0,0.0,3.112711,0.087199,0.025957,2.999556,648.914942,13.716099,0.01,False,none,False,8900.581683,41.142205,1412.75212
GBP_JPY,DOWN,2024-07-23 16:15:00+09:00,2024-07-23 17:25:00+09:00,202.265,0.199954,SL_INITIAL_NO_TP,0,0.0,3.990655,0.145033,0.040462,3.805159,1011.557658,14.127521,0.01,False,none,False,14290.802264,53.757469,1466.509589
EUR_JPY,DOWN,2024-07-23 16:20:00+09:00,2024-07-23 17:25:00+09:00,170.322,0.157835,SL_INITIAL_NO_TP,0,0.0,4.355443,0.158393,0.043165,4.153885,1079.1128,14.127521,0.01,False,none,False,15245.188959,58.684099,1525.193688
EUR_JPY,DOWN,2024-07-23 17:35:00+09:00,2024-07-23 18:00:00+09:00,169.631,0.104645,SL_INITIAL_NO_TP,0,0.0,-1.0,0.238902,0.06484,-1.303742,1621.008372,15.251937,0.01,False,none,False,24723.517372,-19.884598,1505.30909
GBP_JPY,DOWN,2024-07-23 18:25:00+09:00,2024-07-23 18:45:00+09:00,201.468,0.180112,SL_INITIAL_NO_TP,0,0.0,0.379359,0.161011,0.044743,0.173605,1118.570667,15.053091,0.01,False,none,False,16837.945933,2.613292,1507.922383
EUR_JPY,DOWN,2024-07-23 18:35:00+09:00,2024-07-23 21:05:00+09:00,169.428,0.270333,SL_INITIAL_NO_TP,0,0.0,-1.0,0.092479,0.02507,-1.117548,626.737968,15.053091,0.01,False,none,False,9434.343612,-16.822552,1495.375267
GBP_JPY,DOWN,2024-07-23 18:55:00+09:00,2024-07-23 19:55:00+09:00,201.354,0.172593,SL_INITIAL_NO_TP,0,0.0,0.498223,0.168026,0.046666,0.283532,1166.642525,15.079224,0.01,False,none,False,17592.063762,4.275436,1512.197819
EUR_JPY,DOWN,2024-07-23 22:35:00+09:00,2024-07-24 00:00:00+09:00,169.384,0.176918,SL_INITIAL_NO_TP,0,0.0,0.831781,0.141308,0.038297,0.652176,957.412594,14.953753,0.01,False,none,False,14316.911129,9.752484,1505.127751
EUR_JPY,DOWN,2024-07-24 01:20:00+09:00,2024-07-24 01:50:00+09:00,169.337,0.095514,SL_INITIAL_NO_TP,0,0.0,2.1694,0.261741,0.070916,1.836744,1772.895773,15.051278,0.01,False,none,False,26684.34627,27.645337,1532.773088
GBP_JPY,DOWN,2024-07-24 01:20:00+09:00,2024-07-24 01:50:00+09:00,201.432,0.13777,SL_INITIAL_NO_TP,0,0.0,1.88058,0.210496,0.058484,1.6116,1462.092021,7.485061,0.004973,False,shrink,False,10943.847506,12.062926,1544.836014
EUR_JPY,DOWN,2024-07-24 04:30:00+09:00,2024-07-24 04:45:00+09:00,168.86,0.054559,SL_INITIAL_NO_TP,0,0.0,-1.0,0.458219,0.1238,-1.582019,3094.994024,12.478506,0.008078,True,none,False,38620.90035,-19.741229,1525.094785
GBP_JPY,DOWN,2024-07-24 04:30:00+09:00,2024-07-24 04:40:00+09:00,200.779,0.062229,SL_INITIAL_NO_TP,0,0.0,-1.0,0.466021,0.129058,-1.595079,3226.453904,0.0,0.0,True,skip,True,0.0,0.0,1544.836014
EUR_JPY,DOWN,2024-07-24 10:05:00+09:00,2024-07-24 10:20:00+09:00,168.849,0.290261,SL_INITIAL_NO_TP,0,0.0,0.534392,0.086129,0.023269,0.424994,581.713529,15.250948,0.01,False,none,False,8871.682695,6.481563,1531.576348
GBP_JPY,DOWN,2024-07-24 10:05:00+09:00,2024-07-24 10:20:00+09:00,200.763,0.3433,SL_INITIAL_NO_TP,0,0.0,0.617119,0.084474,0.023392,0.509252,584.803379,15.250948,0.01,False,none,False,8918.805833,7.766578,1539.342926
EUR_JPY,DOWN,2024-07-24 10:25:00+09:00,2024-07-24 11:00:00+09:00,168.606,0.195766,SL_INITIAL_NO_TP,0,0.0,0.755692,0.127703,0.034451,0.593538,861.262936,15.393429,0.01,False,none,False,13257.790083,9.13659,1548.479515
GBP_JPY,DOWN,2024-07-24 10:25:00+09:00,2024-07-24 11:00:00+09:00,200.44,0.234178,SL_INITIAL_NO_TP,0,0.0,0.717457,0.123838,0.034237,0.559382,855.931932,15.393429,0.01,False,none,False,13175.727644,8.610812,1557.090328
EUR_JPY,DOWN,2024-07-24 11:15:00+09:00,2024-07-24 12:10:00+09:00,168.468,0.195496,SL_INITIAL_NO_TP,0,0.0,0.681311,0.12788,0.03447,0.518961,861.746847,15.570903,0.01,False,none,False,13418.176802,8.080699,1565.171027
GBP_JPY,DOWN,2024-07-24 11:20:00+09:00,2024-07-24 12:30:00+09:00,200.292,0.173228,SL_INITIAL_NO_TP,0,0.0,1.906888,0.16741,0.046249,1.693229,1156.23531,15.570903,0.01,False,none,False,18003.628186,26.365104,1591.53613
EUR_JPY,DOWN,2024-07-24 12:20:00+09:00,2024-07-24 13:20:00+09:00,168.176,0.239573,SL_INITIAL_NO_TP,0,0.0,0.931807,0.104353,0.028079,0.799375,701.983742,15.65171,0.01,False,none,False,10987.246139,12.51158,1604.04771
GBP_JPY,DOWN,2024-07-24 12:50:00+09:00,2024-07-24 13:20:00+09:00,199.897,0.214536,SL_INITIAL_NO_TP,0,0.0,1.397329,0.135175,0.037271,1.224883,931.762815,15.915361,0.01,False,none,False,14829.341847,19.494453,1623.542163
GBP_JPY,DOWN,2024-07-24 13:30:00+09:00,2024-07-24 14:15:00+09:00,199.473,0.287373,SL_INITIAL_NO_TP,0,0.0,1.085559,0.100914,0.027765,0.95688,694.126098,16.235422,0.01,False,none,False,11269.429868,15.535352,1639.077515
EUR_JPY,DOWN,2024-07-24 14:05:00+09:00,2024-07-24 14:20:00+09:00,167.522,0.359742,SL_INITIAL_NO_TP,0,0.0,-1.0,0.069494,0.018627,-1.088121,465.673268,16.235422,0.01,False,none,False,7560.401853,-17.666108,1621.411407
GBP_JPY,DOWN,2024-07-24 15:15:00+09:00,2024-07-24 16:10:00+09:00,199.199,0.271182,SL_INITIAL_NO_TP,0,0.0,-1.0,0.106939,0.029382,-1.136322,734.558921,16.214114,0.01,False,none,False,11910.222145,-18.42445,1602.986958
EUR_JPY,DOWN,2024-07-24 16:05:00+09:00,2024-07-24 16:10:00+09:00,167.706,0.106512,SL_INITIAL_NO_TP,0,0.0,-1.0,0.234716,0.062981,-1.297697,1574.528926,16.214114,0.01,False,none,False,25529.591615,-21.041004,1581.945954
EUR_JPY,DOWN,2024-07-24 18:10:00+09:00,2024-07-24 18:45:00+09:00,167.755,0.222799,SL_INITIAL_NO_TP,0,0.0,0.477577,0.112209,0.030118,0.33525,752.942994,15.81946,0.01,False,none,False,11911.151235,5.303478,1587.249431
EUR_JPY,DOWN,2024-07-24 20:05:00+09:00,2024-07-24 20:50:00+09:00,167.516,0.155279,SL_INITIAL_NO_TP,0,0.0,1.545886,0.161001,0.043152,1.341732,1078.809513,15.872494,0.01,False,none,False,17123.39786,21.29664,1608.546071
GBP_JPY,DOWN,2024-07-24 20:05:00+09:00,2024-07-24 20:50:00+09:00,199.425,0.15428,SL_INITIAL_NO_TP,0,0.0,1.644677,0.18797,0.051705,1.405002,1292.619115,15.872494,0.01,False,none,False,20517.089547,22.300888,1630.84696
EUR_JPY,DOWN,2024-07-24 20:55:00+09:00,2024-07-24 21:30:00+09:00,167.243,0.145979,SL_INITIAL_NO_TP,0,0.0,1.277571,0.171258,0.045827,1.060486,1145.668711,16.30847,0.01,False,none,False,18684.103349,17.29491,1648.141869
GBP_JPY,DOWN,2024-07-24 21:00:00+09:00,2024-07-24 21:30:00+09:00,199.122,0.222896,SL_INITIAL_NO_TP,0,0.0,0.77811,0.130105,0.035734,0.612271,893.338674,16.30847,0.01,False,none,False,14568.986608,9.985205,1658.127074
EUR_JPY,DOWN,2024-07-24 21:35:00+09:00,2024-07-24 22:45:00+09:00,167.031,0.18213,SL_INITIAL_NO_TP,0,0.0,0.641547,0.137264,0.036684,0.467599,917.095879,16.581271,0.01,False,none,False,15206.61507,7.753379,1671.389506
GBP_JPY,DOWN,2024-07-24 21:35:00+09:00,2024-07-24 22:40:00+09:00,198.877,0.225994,SL_INITIAL_NO_TP,0,0.0,0.495768,0.128322,0.0352,0.332246,880.010923,16.581271,0.01,False,none,False,14591.699375,5.509053,1663.636127
GBP_JPY,DOWN,2024-07-24 22:45:00+09:00,2024-07-25 00:00:00+09:00,198.419,0.555882,SL_INITIAL_NO_TP,0,0.0,0.859446,0.052169,0.014278,0.792999,356.944643,16.636361,0.01,False,none,False,5938.260033,13.192614,1665.271378
EUR_JPY,DOWN,2024-07-24 23:05:00+09:00,2024-07-24 23:10:00+09:00,166.557,0.203786,SL_INITIAL_NO_TP,0,0.0,-1.0,0.122678,0.032693,-1.155371,817.314979,16.713895,0.01,False,none,False,13660.51679,-19.310742,1652.078764
EUR_JPY,DOWN,2024-07-25 09:05:00+09:00,2024-07-25 09:45:00+09:00,166.721,0.221241,SL_INITIAL_NO_TP,0,0.0,3.04974,0.112999,0.030143,2.906598,753.571167,16.652714,0.01,False,none,False,12549.004956,48.402752,1713.674131
GBP_JPY,DOWN,2024-07-25 09:05:00+09:00,2024-07-25 09:50:00+09:00,198.379,0.286037,SL_INITIAL_NO_TP,0,0.0,2.878918,0.101385,0.027742,2.749791,693.54245,16.652714,0.01,False,none,False,11549.36392,45.791475,1759.465606
EUR_JPY,DOWN,2024-07-25 10:35:00+09:00,2024-07-25 11:20:00+09:00,165.727,0.235469,SL_INITIAL_NO_TP,0,0.0,0.371575,0.106171,0.028153,0.237251,703.816852,17.594656,0.01,False,none,False,12383.415433,4.174347,1763.639953
GBP_JPY,DOWN,2024-07-25 11:15:00+09:00,2024-07-25 12:30:00+09:00,196.917,0.27806,SL_INITIAL_NO_TP,0,0.0,1.715126,0.104294,0.028327,1.582505,708.180414,17.594656,0.01,False,none,False,12460.190809,27.843634,1791.483587
EUR_JPY,DOWN,2024-07-25 12:10:00+09:00,2024-07-25 14:05:00+09:00,165.14,0.400132,SL_INITIAL_NO_TP,0,0.0,-1.0,0.062479,0.016509,-1.078988,412.714246,17.6364,0.01,False,none,False,7278.793342,-19.029464,1752.438481
GBP_JPY,DOWN,2024-07-25 12:55:00+09:00,2024-07-25 13:55:00+09:00,196.393,0.314291,SL_INITIAL_NO_TP,0,0.0,-1.0,0.092271,0.024995,-1.117266,624.876735,17.914836,0.01,False,none,False,11194.564145,-20.015643,1771.467944
AUD_JPY,DOWN,2024-08-03 00:30:00+09:00,2024-08-03 00:40:00+09:00,95.463,0.215598,SL_INITIAL_NO_TP,0,0.0,-1.0,0.125233,0.017711,-1.142945,442.783281,17.524385,0.01,False,none,False,7759.504598,-20.029402,1732.409079
GBP_JPY,UP,2024-08-07 13:05:00+09:00,2024-08-07 13:35:00+09:00,187.366,0.496856,SL_INITIAL_NO_TP,0,0.0,0.756272,0.058367,0.015084,0.682821,377.103279,17.324091,0.01,False,none,False,6532.971447,11.829252,1744.238331
GBP_JPY,UP,2024-08-09 08:05:00+09:00,2024-08-09 08:20:00+09:00,187.926,0.330441,SL_INITIAL_NO_TP,0,0.0,0.910271,0.087762,0.022749,0.799761,568.712966,17.442383,0.01,False,none,False,9919.70955,13.949732,1758.188063
GBP_JPY,UP,2024-08-09 08:30:00+09:00,2024-08-09 09:05:00+09:00,188.283,0.261114,SL_INITIAL_NO_TP,0,0.0,-1.0,0.111062,0.028843,-1.139905,721.074668,17.581881,0.01,False,none,False,12677.848748,-20.041681,1738.146383
USD_JPY,UP,2024-08-16 00:10:00+09:00,2024-08-16 02:00:00+09:00,148.909,0.096108,SL_INITIAL_NO_TP,0,0.0,0.890312,0.218505,0.061976,0.609831,1549.396956,17.381464,0.01,False,none,False,26930.78715,10.599762,1748.746144
AUD_JPY,UP,2024-08-16 00:40:00+09:00,2024-08-16 02:50:00+09:00,98.749,0.108996,SL_INITIAL_NO_TP,0,0.0,-1.0,0.247715,0.036239,-1.283954,905.985001,17.381464,0.01,False,none,False,15747.345518,-22.317005,1726.42914
GBP_JPY,UP,2024-08-16 00:45:00+09:00,2024-08-16 06:25:00+09:00,191.625,0.206037,SL_INITIAL_NO_TP,0,0.0,1.98591,0.140751,0.037202,1.807957,930.050109,0.833855,0.00048,False,shrink,False,775.526897,1.507574,1776.258994
USD_JPY,UP,2024-08-16 05:05:00+09:00,2024-08-16 05:55:00+09:00,149.091,0.077902,SL_INITIAL_NO_TP,0,0.0,3.145095,0.269569,0.076553,2.798973,1913.82763,17.264291,0.01,False,none,False,33040.877878,48.322281,1774.751421
USD_JPY,UP,2024-08-16 06:10:00+09:00,2024-08-16 07:00:00+09:00,149.403,0.087689,SL_INITIAL_NO_TP,0,0.0,-1.0,0.239481,0.068151,-1.307632,1703.772972,17.747514,0.01,False,none,False,30237.735018,-23.207222,1753.051772
AUD_JPY,UP,2024-08-16 14:10:00+09:00,2024-08-16 16:05:00+09:00,98.761,0.135015,SL_INITIAL_NO_TP,0,0.0,0.69771,0.199977,0.029259,0.468473,731.480139,17.530518,0.01,False,none,False,12823.225543,8.21258,1761.264352
GBP_JPY,UP,2024-08-22 21:05:00+09:00,2024-08-22 21:30:00+09:00,191.455,0.155167,SL_INITIAL_NO_TP,0,0.0,-1.0,0.186896,0.049355,-1.236251,1233.868135,17.612644,0.01,False,none,False,21731.679615,-21.773644,1739.490708
GBP_JPY,UP,2024-08-22 22:15:00+09:00,2024-08-22 22:50:00+09:00,191.425,0.260869,SL_INITIAL_NO_TP,0,0.0,0.669875,0.111167,0.029352,0.529357,733.797825,17.394907,0.01,False,none,False,12764.344985,9.208108,1748.698817
GBP_JPY,UP,2024-08-23 22:05:00+09:00,2024-08-23 22:55:00+09:00,191.55,0.159547,SL_INITIAL_NO_TP,0,0.0,2.085777,0.181765,0.048024,1.855989,1200.588273,17.486988,0.01,False,none,False,20994.672931,32.455649,1781.154466
USD_JPY,UP,2024-09-20 19:15:00+09:00,2024-09-20 20:30:00+09:00,143.794,0.081835,SL_INITIAL_NO_TP,0,0.0,6.459369,0.256613,0.070285,6.132471,1757.116435,17.811545,0.01,False,none,False,31296.957852,109.228785,1890.383251
EUR_JPY,UP,2024-09-20 19:15:00+09:00,2024-09-20 20:30:00+09:00,160.447,0.091158,SL_INITIAL_NO_TP,0,0.0,6.758431,0.274249,0.070404,6.413778,1760.099231,7.517703,0.004221,False,shrink,False,13231.903789,48.216878,1938.600129
GBP_JPY,UP,2024-09-20 19:15:00+09:00,2024-09-20 20:35:00+09:00,191.089,0.119097,SL_INITIAL_NO_TP,0,0.0,6.031771,0.243498,0.064179,5.724093,1604.478212,0.0,0.0,False,skip,True,0.0,0.0,1938.600129
USD_JPY,UP,2024-09-20 23:10:00+09:00,2024-09-21 00:40:00+09:00,144.269,0.341467,SL_INITIAL_NO_TP,0,0.0,-1.0,0.061499,0.0169,-1.078399,422.497458,19.386001,0.01,False,none,False,8190.536273,-20.905849,1917.69428
EUR_JPY,DOWN,2024-09-23 17:55:00+09:00,2024-09-23 18:15:00+09:00,159.279,0.266174,SL_INITIAL_NO_TP,0,0.0,-1.0,0.093923,0.023936,-1.117859,598.400834,19.176943,0.01,False,none,False,11475.498561,-21.437126,1896.257154
AUD_JPY,DOWN,2024-09-28 02:10:00+09:00,2024-09-28 02:45:00+09:00,98.439,0.158182,SL_INITIAL_NO_TP,0,0.0,0.996377,0.170689,0.024893,0.800796,622.313116,18.962572,0.01,False,none,False,11800.65698,15.185144,1911.442298
AUD_JPY,DOWN,2024-09-28 03:20:00+09:00,2024-09-28 03:45:00+09:00,98.257,0.14662,SL_INITIAL_NO_TP,0,0.0,0.459093,0.184149,0.026806,0.248138,670.146014,19.114423,0.01,False,none,False,12809.454367,4.743016,1916.185315
GBP_JPY,DOWN,2024-10-16 16:40:00+09:00,2024-10-16 16:50:00+09:00,194.254,0.102855,SL_INITIAL_NO_TP,0,0.0,-1.0,0.281951,0.075545,-1.357496,1888.623837,19.161853,0.01,False,none,False,36189.532606,-26.012136,1890.173178
USD_JPY,DOWN,2024-11-29 09:45:00+09:00,2024-11-29 10:30:00+09:00,150.711,0.114678,SL_INITIAL_NO_TP,0,0.0,4.471772,0.183121,0.052568,4.236083,1314.205312,18.901732,0.01,False,none,False,24840.756317,80.069305,1970.242484
USD_JPY,DOWN,2024-11-29 13:05:00+09:00,2024-11-29 13:30:00+09:00,150.038,0.167484,SL_INITIAL_NO_TP,0,0.0,0.836056,0.125385,0.035833,0.674837,895.836354,19.702425,0.01,False,none,False,17650.148436,13.295932,1983.538416
USD_JPY,DOWN,2024-11-29 16:05:00+09:00,2024-11-29 16:35:00+09:00,149.936,0.135718,SL_INITIAL_NO_TP,0,0.0,1.893394,0.154733,0.044191,1.694471,1104.764251,19.835384,0.01,False,none,False,21913.423315,33.610476,2017.148892
USD_JPY,DOWN,2024-11-30 04:10:00+09:00,2024-11-30 05:50:00+09:00,149.605,0.123526,SL_INITIAL_NO_TP,0,0.0,-1.0,0.170005,0.048445,-1.21845,1211.121545,20.171489,0.01,False,none,False,24430.124829,-24.577942,1992.57095
GBP_JPY,UP,2024-12-11 21:00:00+09:00,2024-12-11 22:35:00+09:00,194.415,0.216249,SL_INITIAL_NO_TP,0,0.0,0.0,0.134105,0.035961,-0.170066,899.034841,19.92571,0.01,False,none,False,17913.90707,-3.388692,1993.581909
EUR_JPY,UP,2024-12-11 21:05:00+09:00,2024-12-11 21:25:00+09:00,160.306,0.135566,SL_INITIAL_NO_TP,0,0.0,0.637455,0.184412,0.0473,0.405743,1182.496005,19.92571,0.01,False,none,False,23562.071879,8.084712,2000.655662
AUD_JPY,UP,2024-12-11 21:05:00+09:00,2024-12-11 21:30:00+09:00,96.952,0.086066,SL_INITIAL_NO_TP,0,0.0,1.08063,0.313715,0.04506,0.721855,1126.49087,7.402008,0.003715,False,shrink,False,8338.294804,5.34318,2005.998842
AUD_JPY,UP,2024-12-11 21:55:00+09:00,2024-12-11 22:30:00+09:00,97.032,0.065949,SL_INITIAL_NO_TP,0,0.0,0.141307,0.409406,0.058853,-0.326952,1471.315559,20.059988,0.01,False,none,False,29514.573075,-6.558655,1999.440187
USD_JPY,UP,2024-12-11 22:10:00+09:00,2024-12-11 22:30:00+09:00,152.631,0.111398,SL_INITIAL_NO_TP,0,0.0,-1.0,0.188513,0.054806,-1.243319,1370.141295,1.986285,0.00099,False,shrink,False,2721.490897,-2.469586,1996.970602
AUD_JPY,UP,2024-12-12 09:05:00+09:00,2024-12-12 09:15:00+09:00,97.142,0.05358,SL_INITIAL_NO_TP,0,0.0,-1.0,0.503915,0.07252,-1.576435,1813.01033,19.935819,0.01,False,none,False,36143.845958,-31.427525,1962.154385
AUD_JPY,UP,2024-12-12 12:30:00+09:00,2024-12-12 14:40:00+09:00,97.741,0.135853,SL_INITIAL_NO_TP,0,0.0,0.462939,0.198744,0.028778,0.235416,719.461477,19.621544,0.01,False,none,False,14116.944912,4.61923,1966.773615
AUD_JPY,UP,2024-12-12 14:50:00+09:00,2024-12-12 15:30:00+09:00,97.854,0.066468,SL_INITIAL_NO_TP,0,0.0,2.13861,0.406208,0.058888,1.673515,1472.187655,19.667736,0.01,False,none,False,28954.598362,32.914251,1999.687866
GBP_JPY,UP,2024-12-12 15:05:00+09:00,2024-12-12 17:35:00+09:00,194.874,0.293924,SL_INITIAL_NO_TP,0,0.0,-1.0,0.098665,0.02652,-1.125185,663.008125,19.667736,0.01,False,none,False,13039.868858,-22.129847,1966.998259
AUD_JPY,UP,2024-12-12 15:45:00+09:00,2024-12-12 16:10:00+09:00,97.89,0.037912,SL_INITIAL_NO_TP,0,0.0,0.077597,0.71218,0.103282,-0.737864,2582.046668,14.311255,0.007157,True,shrink,False,36952.327793,-10.55976,1989.128106
USD_JPY,UP,2024-12-13 09:05:00+09:00,2024-12-13 09:55:00+09:00,152.706,0.19647,SL_INITIAL_NO_TP,0,0.0,0.864133,0.106887,0.03109,0.726156,777.249848,19.669983,0.01,False,none,False,15288.49097,14.283484,1981.281742
USD_JPY,UP,2024-12-13 12:15:00+09:00,2024-12-13 12:35:00+09:00,152.989,0.066189,SL_INITIAL_NO_TP,0,0.0,-1.0,0.317275,0.092456,-1.409732,2311.41112,19.812817,0.01,False,none,False,45795.566506,-27.930758,1953.350984
USD_JPY,UP,2024-12-13 13:10:00+09:00,2024-12-13 15:00:00+09:00,153.022,0.142464,SL_INITIAL_NO_TP,0,0.0,-1.0,0.147406,0.042964,-1.19037,1074.108874,19.53351,0.01,False,none,False,20981.116254,-23.252102,1930.098883
USD_JPY,UP,2024-12-13 17:05:00+09:00,2024-12-13 17:50:00+09:00,152.839,0.089156,SL_INITIAL_NO_TP,0,0.0,3.030423,0.235544,0.068572,2.726307,1714.296931,19.300989,0.01,False,none,False,33087.625906,52.620428,1982.719311
USD_JPY,UP,2024-12-13 18:00:00+09:00,2024-12-13 18:25:00+09:00,153.133,0.07095,SL_INITIAL_NO_TP,0,0.0,1.000873,0.295982,0.086332,0.618559,2158.311898,19.827193,0.01,False,none,False,42793.266796,12.264284,1994.983595
EUR_JPY,UP,2024-12-13 18:10:00+09:00,2024-12-13 19:35:00+09:00,160.417,0.186622,SL_INITIAL_NO_TP,0,0.0,2.913091,0.133961,0.034383,2.744747,859.584775,7.881382,0.003975,False,shrink,False,6774.715979,21.6324,2059.661319
USD_JPY,UP,2024-12-13 18:30:00+09:00,2024-12-13 19:00:00+09:00,153.23,0.074381,SL_INITIAL_NO_TP,0,0.0,2.522412,0.282331,0.082403,2.157678,2060.07306,19.949836,0.01,False,none,False,41098.119601,43.045323,2038.028918
EUR_JPY,UP,2024-12-13 19:50:00+09:00,2024-12-13 20:10:00+09:00,160.877,0.084241,SL_INITIAL_NO_TP,0,0.0,1.061136,0.296767,0.076389,0.68798,1909.718436,20.596613,0.01,False,none,False,39333.731925,14.17006,2073.831378
USD_JPY,UP,2024-12-13 20:10:00+09:00,2024-12-13 21:05:00+09:00,153.51,0.096497,SL_INITIAL_NO_TP,0,0.0,0.857444,0.217623,0.063633,0.576189,1590.823125,7.642459,0.003711,False,shrink,False,12157.801043,4.403498,2078.234877
EUR_JPY,UP,2024-12-13 20:40:00+09:00,2024-12-13 21:10:00+09:00,161.089,0.08424,SL_INITIAL_NO_TP,0,0.0,0.351197,0.296771,0.076491,-0.022064,1912.262583,20.738314,0.01,False,none,False,39657.101483,-0.457578,2077.777299
EUR_JPY,UP,2024-12-13 22:05:00+09:00,2024-12-13 22:30:00+09:00,161.456,0.176554,SL_INITIAL_NO_TP,0,0.0,-1.0,0.1416,0.036579,-1.178179,914.484347,20.777773,0.01,False,none,False,19000.948157,-24.479936,2053.297363
USD_JPY,UP,2024-12-14 00:05:00+09:00,2024-12-14 01:10:00+09:00,153.546,0.101808,SL_INITIAL_NO_TP,0,0.0,0.655375,0.20627,0.060328,0.388778,1508.187658,20.532974,0.01,False,none,False,30967.577411,7.982765,2061.280128
USD_JPY,UP,2024-12-14 01:20:00+09:00,2024-12-14 02:25:00+09:00,153.645,0.133306,SL_INITIAL_NO_TP,0,0.0,0.861583,0.157532,0.046103,0.657948,1152.572542,20.612801,0.01,False,none,False,23757.748774,13.562148,2074.842275
USD_JPY,UP,2024-12-19 14:05:00+09:00,2024-12-19 14:30:00+09:00,155.339,0.134431,SL_INITIAL_NO_TP,0,0.0,0.31809,0.156214,0.046221,0.115655,1155.528989,20.748423,0.01,False,none,False,23975.403957,2.399663,2077.241938
USD_JPY,UP,2024-12-19 15:10:00+09:00,2024-12-19 15:15:00+09:00,155.314,0.104959,SL_INITIAL_NO_TP,0,0.0,-1.0,0.200078,0.05919,-1.259269,1479.75977,20.772419,0.01,False,none,False,30738.190531,-26.158057,2051.083882
USD_JPY,UP,2024-12-19 16:05:00+09:00,2024-12-19 17:45:00+09:00,156.457,0.486985,SL_INITIAL_NO_TP,0,0.0,0.856459,0.043123,0.012851,0.800485,321.277119,20.510839,0.01,False,none,False,6589.6632,16.41862,2067.502501
USD_JPY,UP,2024-12-19 17:55:00+09:00,2024-12-19 22:40:00+09:00,156.879,0.328793,SL_INITIAL_NO_TP,0,0.0,-1.0,0.06387,0.019085,-1.082955,477.136174,20.675025,0.01,False,none,False,9864.802334,-22.390131,2045.112371
USD_JPY,UP,2024-12-19 23:20:00+09:00,2024-12-20 00:30:00+09:00,157.144,0.272166,SL_INITIAL_NO_TP,0,0.0,0.782262,0.077159,0.023095,0.682008,577.383224,20.451124,0.01,False,none,False,11808.135736,13.947837,2059.060208
USD_JPY,UP,2024-12-20 01:20:00+09:00,2024-12-20 02:00:00+09:00,157.645,0.086631,SL_INITIAL_NO_TP,0,0.0,0.0,0.242407,0.072789,-0.315196,1819.723656,20.590602,0.01,False,none,False,37469.205698,-6.490067,2052.57014
USD_JPY,UP,2024-12-20 09:05:00+09:00,2024-12-20 10:05:00+09:00,157.783,0.22724,SL_INITIAL_NO_TP,0,0.0,-1.0,0.092413,0.027774,-1.120187,694.345186,20.525701,0.01,False,none,False,14251.921954,-22.992626,2029.577514
GBP_JPY,DOWN,2025-01-08 21:40:00+09:00,2025-01-08 22:15:00+09:00,195.6,0.248112,SL_INITIAL_NO_TP,0,0.0,0.420783,0.116883,0.031534,0.272366,788.353874,20.295775,0.01,False,none,False,16000.252953,5.527876,2035.10539
GBP_JPY,DOWN,2025-01-08 22:30:00+09:00,2025-01-09 01:50:00+09:00,195.333,0.443411,SL_INITIAL_NO_TP,0,0.0,-1.0,0.065402,0.017621,-1.083023,440.52379,20.351054,0.01,False,none,False,8965.123402,-22.040661,2013.064729
GBP_JPY,DOWN,2025-01-09 12:05:00+09:00,2025-01-09 13:25:00+09:00,195.292,0.156456,SL_INITIAL_NO_TP,0,0.0,3.772045,0.185356,0.049929,3.53676,1248.226562,20.130647,0.01,False,none,False,25127.608659,71.197261,2084.26199
GBP_JPY,DOWN,2025-01-09 15:10:00+09:00,2025-01-09 16:05:00+09:00,194.744,0.271505,SL_INITIAL_NO_TP,0,0.0,0.699424,0.106812,0.028691,0.563921,717.275548,20.84262,0.01,False,none,False,14949.901601,11.753591,2096.015581
GBP_JPY,DOWN,2025-01-09 16:15:00+09:00,2025-01-09 16:50:00+09:00,194.424,0.245661,SL_INITIAL_NO_TP,0,0.0,2.028558,0.118049,0.031657,1.878852,791.433246,20.960156,0.01,False,none,False,16588.564153,39.381029,2135.39661
GBP_JPY,DOWN,2025-01-09 19:05:00+09:00,2025-01-09 19:50:00+09:00,194.089,0.19178,SL_INITIAL_NO_TP,0,0.0,1.06628,0.151215,0.040482,0.874583,1012.03946,21.353966,0.01,False,none,False,21611.05633,18.675823,2154.072433
GBP_JPY,DOWN,2025-01-09 21:10:00+09:00,2025-01-09 21:45:00+09:00,193.931,0.213108,SL_INITIAL_NO_TP,0,0.0,0.868422,0.136081,0.036401,0.69594,910.013984,21.540724,0.01,False,none,False,19602.360356,14.991052,2169.063485
USD_JPY,DOWN,2025-01-10 19:20:00+09:00,2025-01-10 19:35:00+09:00,157.88,0.116754,SL_INITIAL_NO_TP,0,0.0,-1.0,0.179866,0.05409,-1.233956,1352.247373,21.690635,0.01,False,none,False,29331.103995,-26.76528,2142.298205
GBP_JPY,DOWN,2025-01-10 23:35:00+09:00,2025-01-11 00:40:00+09:00,193.39,0.618307,SL_INITIAL_NO_TP,0,0.0,0.698783,0.046902,0.012511,0.639369,312.773609,21.422982,0.01,False,none,False,6700.543407,13.697201,2155.995406
USD_JPY,DOWN,2025-01-11 00:05:00+09:00,2025-01-11 05:55:00+09:00,157.736,0.5598,WEEKEND_NO_TP,0,0.0,-0.335834,0.028582,0.011271,-0.375687,281.772241,21.422982,0.01,False,none,False,6036.401667,-8.048336,2122.170902
GBP_JPY,DOWN,2025-01-11 01:40:00+09:00,2025-01-11 02:05:00+09:00,192.447,0.187658,SL_INITIAL_NO_TP,0,0.0,-1.0,0.154537,0.041021,-1.195558,1025.522171,21.559954,0.01,False,none,False,22110.210891,-25.776169,2130.219238
AUD_JPY,UP,2025-01-18 01:15:00+09:00,2025-01-18 01:35:00+09:00,97.061,0.097398,SL_INITIAL_NO_TP,0,0.0,0.28301,0.277213,0.039862,-0.034064,996.53997,21.221709,0.01,False,none,False,21148.281271,-0.722903,2121.447999
AUD_JPY,UP,2025-01-18 01:50:00+09:00,2025-01-18 01:55:00+09:00,97.083,0.056519,SL_INITIAL_NO_TP,0,0.0,-1.0,0.477718,0.068709,-1.546427,1717.716405,21.21448,0.01,False,none,False,36440.460291,-32.806647,2088.641351
USD_JPY,UP,2025-01-21 11:00:00+09:00,2025-01-21 11:25:00+09:00,155.312,0.170438,SL_INITIAL_NO_TP,0,0.0,-1.0,0.123212,0.03645,-1.159662,911.253713,20.886414,0.01,False,none,False,19032.821869,-24.221187,2064.420165
USD_JPY,UP,2025-01-23 00:05:00+09:00,2025-01-23 00:35:00+09:00,156.121,0.127462,SL_INITIAL_NO_TP,0,0.0,0.657688,0.164755,0.048994,0.44394,1224.840737,20.644202,0.01,False,none,False,25285.859165,9.164784,2073.584949
USD_JPY,UP,2025-01-23 01:10:00+09:00,2025-01-23 02:35:00+09:00,156.466,0.14319,SL_INITIAL_NO_TP,0,0.0,1.205878,0.146659,0.043709,1.01551,1092.717607,20.735849,0.01,False,none,False,22658.427831,21.057471,2094.64242
USD_JPY,UP,2025-01-23 14:05:00+09:00,2025-01-23 14:55:00+09:00,156.648,0.083111,SL_INITIAL_NO_TP,0,0.0,0.577649,0.252673,0.075392,0.249584,1884.79494,20.946424,0.01,False,none,False,39479.714327,5.227895,2099.870315
GBP_JPY,UP,2025-02-04 06:20:00+09:00,2025-02-04 06:45:00+09:00,192.204,0.304149,SL_INITIAL_NO_TP,0,0.0,1.32905,0.095348,0.025278,1.208425,631.939524,20.998703,0.01,False,none,False,13269.910473,25.375349,2125.245663
AUD_JPY,UP,2025-02-04 06:20:00+09:00,2025-02-04 07:10:00+09:00,95.929,0.224029,SL_INITIAL_NO_TP,0,0.0,2.010932,0.12052,0.017128,1.873284,428.198345,20.998703,0.01,False,none,False,8991.609939,39.336529,2164.582193
GBP_JPY,UP,2025-02-04 07:10:00+09:00,2025-02-04 07:45:00+09:00,192.613,0.116516,SL_INITIAL_NO_TP,0,0.0,1.00738,0.248893,0.066124,0.692364,1653.10141,21.252457,0.01,False,none,False,35132.46602,14.71443,2179.296623
GBP_JPY,UP,2025-02-04 08:05:00+09:00,2025-02-04 10:50:00+09:00,193.092,0.465585,SL_INITIAL_NO_TP,0,0.0,-1.0,0.062287,0.016589,-1.078876,414.729538,21.792966,0.01,False,none,False,9038.186813,-23.511916,2131.315821
AUD_JPY,UP,2025-02-04 08:05:00+09:00,2025-02-04 10:05:00+09:00,96.639,0.251372,SL_INITIAL_NO_TP,0,0.0,-1.0,0.10741,0.015378,-1.122788,384.445723,21.792966,0.01,False,none,False,8378.212648,-24.468886,2154.827737
AUD_JPY,UP,2025-02-05 00:05:00+09:00,2025-02-05 00:10:00+09:00,96.467,0.044536,SL_INITIAL_NO_TP,0,0.0,-1.0,0.606254,0.086642,-1.692896,2166.055868,21.313158,0.01,False,none,False,46165.491408,-36.080966,2095.234855
AUD_JPY,UP,2025-02-05 01:25:00+09:00,2025-02-05 02:15:00+09:00,96.709,0.107892,SL_INITIAL_NO_TP,0,0.0,-1.0,0.250251,0.035854,-1.286105,896.353614,20.952349,0.01,False,none,False,18780.713346,-26.946928,2068.287926
USD_JPY,DOWN,2025-02-08 00:05:00+09:00,2025-02-08 00:40:00+09:00,151.393,0.372902,SL_INITIAL_NO_TP,0,0.0,-1.0,0.056315,0.016239,-1.072555,405.986101,20.682879,0.01,False,none,False,8396.961507,-22.183516,2046.104411
USD_JPY,DOWN,2025-02-08 01:10:00+09:00,2025-02-08 01:45:00+09:00,151.373,0.316828,SL_INITIAL_NO_TP,0,0.0,0.580654,0.066282,0.019111,0.495261,477.775939,20.461044,0.01,False,none,False,9775.794563,10.133554,2056.237965
USD_JPY,DOWN,2025-02-08 01:55:00+09:00,2025-02-08 02:15:00+09:00,151.305,0.197982,SL_INITIAL_NO_TP,0,0.0,-1.0,0.10607,0.030569,-1.13664,764.235591,20.56238,0.01,False,none,False,15714.502369,-23.372015,2032.86595
USD_JPY,UP,2025-02-13 00:10:00+09:00,2025-02-13 00:40:00+09:00,154.554,0.218673,SL_INITIAL_NO_TP,0,0.0,-1.0,0.096034,0.028271,-1.124305,706.781589,20.32866,0.01,False,none,False,14367.922272,-22.855616,2010.010335
USD_JPY,UP,2025-02-13 01:20:00+09:00,2025-02-13 02:00:00+09:00,154.775,0.282091,SL_INITIAL_NO_TP,0,0.0,-1.0,0.074444,0.021947,-1.096391,548.671298,20.100103,0.01,False,none,False,11028.349794,-22.037573,1987.972762
USD_JPY,DOWN,2025-03-20 04:50:00+09:00,2025-03-20 05:30:00+09:00,148.906,0.16711,SL_INITIAL_NO_TP,0,0.0,0.875588,0.125666,0.035643,0.71428,891.065003,19.879728,0.01,False,none,False,17714.129555,14.199697,2002.172458
USD_JPY,DOWN,2025-03-20 05:40:00+09:00,2025-03-20 06:00:00+09:00,148.75,0.087026,SL_INITIAL_NO_TP,0,0.0,0.425054,0.241306,0.06837,0.115377,1709.25369,20.021725,0.01,False,none,False,34222.20663,2.310052,2004.482511
USD_JPY,DOWN,2025-03-20 08:15:00+09:00,2025-03-20 09:15:00+09:00,148.695,0.111695,SL_INITIAL_NO_TP,0,0.0,2.414041,0.188012,0.05325,2.172778,1331.259233,20.044825,0.01,False,none,False,26684.858494,43.552963,2048.035474
USD_JPY,DOWN,2025-03-20 09:25:00+09:00,2025-03-20 10:05:00+09:00,148.51,0.055979,SL_INITIAL_NO_TP,0,0.0,3.044679,0.37514,0.106118,2.563421,2652.952375,19.299588,0.009423,True,none,False,51200.886856,49.472965,2097.508439
USD_JPY,DOWN,2025-03-20 10:20:00+09:00,2025-03-20 16:20:00+09:00,148.319,0.153361,SL_INITIAL_NO_TP,0,0.0,-1.0,0.136932,0.038685,-1.175617,967.125576,20.975084,0.01,False,none,False,20285.540563,-24.658669,2072.84977
